Plato,Alimento: Carne,Ingredientes Carne,Alimento: Verduras,Ingredientes Verdura,Mercaderia,Ingredientes Mercaderia,Imagen
Arroz Amarrillo Con Pollo,Pollo (1 Uni.) (https://app.notion.com/p/Pollo-1-Uni-344e39f41359807fa9aaf4880187ed45?pvs=21),1 Uni. Pollo Entero,"Cebolla (250 Gr.) (https://app.notion.com/p/Cebolla-250-Gr-352e39f413598072b684d54cf12908bc?pvs=21), Pimiento Rojo (1 Uni.) (https://app.notion.com/p/Pimiento-Rojo-1-Uni-344e39f41359805b91f1e776ad5298d7?pvs=21)",0.25 Kg. Cebolla Blanca | 1 Uni. Pimiento Rojo,Arroz Amarillo (https://app.notion.com/p/Arroz-Amarillo-352e39f413598039b505d9e372f38359?pvs=21),1 Kg. Arroz | 0.3 Kg. Cebolla Blanca,
Arroz con Tuco de Zanahoria y Carne,Carne (1.5 Kg.) - Colita de Cuadril (https://app.notion.com/p/Carne-1-5-Kg-Colita-de-Cuadril-352e39f4135980e0adb2f304a6aea321?pvs=21),1.5 Kg. Colita de Cuadril,"Cebolla (250 Gr.) (https://app.notion.com/p/Cebolla-250-Gr-352e39f413598072b684d54cf12908bc?pvs=21), Zanahoria (500 Gr.) (https://app.notion.com/p/Zanahoria-500-Gr-353e39f4135980678373e855d36eca2a?pvs=21)",0.25 Kg. Cebolla Blanca | 0.5 Kg. Zanahoria,Arroz Blanco (https://app.notion.com/p/Arroz-Blanco-344e39f413598006bcc0ce9cfa1d7a22?pvs=21),1 Kg. Arroz | 0.3 Kg. Cebolla Blanca,
Asado con Verduras,Asado (https://app.notion.com/p/Asado-352e39f41359800cb93ce9e076dce4cc?pvs=21),2 Kg. Punta de Espalda | 8 Uni. Chorizos | 1 Rosca/s Morcilla,Verduras Asadas (https://app.notion.com/p/Verduras-Asadas-352e39f4135980a6ac51f9f7e6b2019e?pvs=21),3 Uni. Pimiento Rojo | 3 Uni. Pimiento Verde | 1.5 Kg. Cebolla Blanca,,,
Bifes de Carne con Arroz,Bifes de Carne (1.5 Kg.) (https://app.notion.com/p/Bifes-de-Carne-1-5-Kg-341e39f41359805f836bd7cc79a98947?pvs=21),1.5 Kg. Bife de Nalga,Cebolla (250 Gr.) (https://app.notion.com/p/Cebolla-250-Gr-352e39f413598072b684d54cf12908bc?pvs=21),0.25 Kg. Cebolla Blanca,Arroz Blanco (https://app.notion.com/p/Arroz-Blanco-344e39f413598006bcc0ce9cfa1d7a22?pvs=21),1 Kg. Arroz | 0.3 Kg. Cebolla Blanca,
Bifes de Carne con Fideos,Bifes de Carne (1.5 Kg.) (https://app.notion.com/p/Bifes-de-Carne-1-5-Kg-341e39f41359805f836bd7cc79a98947?pvs=21),1.5 Kg. Bife de Nalga,,,Fideos Tallarin  (2 Uni.) (https://app.notion.com/p/Fideos-Tallarin-2-Uni-344e39f41359803faa08cc8d008b5636?pvs=21),2 Uni. Fideos Tallarin,
Bifes de Carne con Fideos Secos,Bifes de Carne (1.5 Kg.) (https://app.notion.com/p/Bifes-de-Carne-1-5-Kg-341e39f41359805f836bd7cc79a98947?pvs=21),1.5 Kg. Bife de Nalga,,,Fideos Secos (https://app.notion.com/p/Fideos-Secos-352e39f413598002a606cb717939029a?pvs=21),1 Uni. Nido de Spaghetti | 0.3 Kg. Cebolla Blanca,
Bifes de Carne con Papas al Horno,Bifes de Carne (1.5 Kg.) (https://app.notion.com/p/Bifes-de-Carne-1-5-Kg-341e39f41359805f836bd7cc79a98947?pvs=21),1.5 Kg. Bife de Nalga,Papa (1 Kg.) (https://app.notion.com/p/Papa-1-Kg-341e39f4135980829308c5d0bd7cefff?pvs=21),1 Kg. Papa,,,carne-al-horno-1096419.jpeg
Bifes de Carne con Papas Fritas y Huevo Frito,Bifes de Carne (1.5 Kg.) (https://app.notion.com/p/Bifes-de-Carne-1-5-Kg-341e39f41359805f836bd7cc79a98947?pvs=21),1.5 Kg. Bife de Nalga,Papas Fritas (2.5 Kg.) (https://app.notion.com/p/Papas-Fritas-2-5-Kg-352e39f4135980eaa4bad987596d9940?pvs=21),2.5 Kg. Papa,Huevos Fritos (8 Uni.) (https://app.notion.com/p/Huevos-Fritos-8-Uni-352e39f4135980ad88efeb7d9f695b26?pvs=21),8 Uni. Huevo,
Bifes de Carne con Pure de Papa,Bifes de Carne (1.5 Kg.) (https://app.notion.com/p/Bifes-de-Carne-1-5-Kg-341e39f41359805f836bd7cc79a98947?pvs=21),1.5 Kg. Bife de Nalga,Pure de Papa (2 Kg.) (https://app.notion.com/p/Pure-de-Papa-2-Kg-341e39f4135980edbc59ce5f4b30e014?pvs=21),2 Kg. Papa,,,milanesas-pure-ig-1-819x1024.webp
Bifes de Carne con Tomate y Lechuga,Bifes de Carne (1.5 Kg.) (https://app.notion.com/p/Bifes-de-Carne-1-5-Kg-341e39f41359805f836bd7cc79a98947?pvs=21),1.5 Kg. Bife de Nalga,Tomate (1 Uni.) (https://app.notion.com/p/Tomate-1-Uni-352e39f4135980dbb386da1f3304d4cb?pvs=21),1 Uni. Tomate,,,
Bifes de Carne con Tortilla de Papa y Acelga,Bifes de Carne (1.5 Kg.) (https://app.notion.com/p/Bifes-de-Carne-1-5-Kg-341e39f41359805f836bd7cc79a98947?pvs=21),1.5 Kg. Bife de Nalga,"Tortilla de Acelga (https://app.notion.com/p/Tortilla-de-Acelga-352e39f4135980e3bb18cef0aee3fc2c?pvs=21), Tortilla de Papa (https://app.notion.com/p/Tortilla-de-Papa-352e39f4135980adb791ef7bdfa3abc0?pvs=21)",2 Atados Acelga | 4 Uni. Huevo | 0.3 Kg. Cebolla Blanca | 2 Kg. Papa | 4 Uni. Huevo | 0.3 Kg. Cebolla Blanca,,,
Bifes de Cerdo con Ensalada de Papa y Zanahoria,Bifes de Cerdo (1.5 Kg.) (https://app.notion.com/p/Bifes-de-Cerdo-1-5-Kg-352e39f4135980259236f40b8a952b39?pvs=21),1.5 Kg. Bifes de Cerdo,"Ensalada de Papa (https://app.notion.com/p/Ensalada-de-Papa-352e39f41359801aa6aed3898abb7f45?pvs=21), Ensalada de Zanahoria (https://app.notion.com/p/Ensalada-de-Zanahoria-352e39f4135980b5988dc1864321ad8f?pvs=21)",1.5 Kg. Papa | 1 Kg. Zanahoria,,,
Bifes de Cerdo con Fideos,Bifes de Cerdo (1.5 Kg.) (https://app.notion.com/p/Bifes-de-Cerdo-1-5-Kg-352e39f4135980259236f40b8a952b39?pvs=21),1.5 Kg. Bifes de Cerdo,,,Fideos Tallarin  (2 Uni.) (https://app.notion.com/p/Fideos-Tallarin-2-Uni-344e39f41359803faa08cc8d008b5636?pvs=21),2 Uni. Fideos Tallarin,
Bifes de Cerdo con Fideos Secos,Bifes de Cerdo (1.5 Kg.) (https://app.notion.com/p/Bifes-de-Cerdo-1-5-Kg-352e39f4135980259236f40b8a952b39?pvs=21),1.5 Kg. Bifes de Cerdo,,,Fideos Secos (https://app.notion.com/p/Fideos-Secos-352e39f413598002a606cb717939029a?pvs=21),1 Uni. Nido de Spaghetti | 0.3 Kg. Cebolla Blanca,
Bifes de Cerdo con Papas al Horno,Bifes de Cerdo (1.5 Kg.) (https://app.notion.com/p/Bifes-de-Cerdo-1-5-Kg-352e39f4135980259236f40b8a952b39?pvs=21),1.5 Kg. Bifes de Cerdo,Papa (1 Kg.) (https://app.notion.com/p/Papa-1-Kg-341e39f4135980829308c5d0bd7cefff?pvs=21),1 Kg. Papa,,,carne-al-horno-1096419.jpeg
Bifes de Cerdo con Pure de Papa,Bifes de Cerdo (1.5 Kg.) (https://app.notion.com/p/Bifes-de-Cerdo-1-5-Kg-352e39f4135980259236f40b8a952b39?pvs=21),1.5 Kg. Bifes de Cerdo,Pure de Papa (2 Kg.) (https://app.notion.com/p/Pure-de-Papa-2-Kg-341e39f4135980edbc59ce5f4b30e014?pvs=21),2 Kg. Papa,,,milanesas-pure-ig-1-819x1024.webp
Bifes de Cerdo con Tomate y Lechuga,Bifes de Cerdo (1.5 Kg.) (https://app.notion.com/p/Bifes-de-Cerdo-1-5-Kg-352e39f4135980259236f40b8a952b39?pvs=21),1.5 Kg. Bifes de Cerdo,Tomate (1 Uni.) (https://app.notion.com/p/Tomate-1-Uni-352e39f4135980dbb386da1f3304d4cb?pvs=21),1 Uni. Tomate,,,
Bifes de Cerdo con Tortilla de Papa y Acelga,Bifes de Cerdo (1.5 Kg.) (https://app.notion.com/p/Bifes-de-Cerdo-1-5-Kg-352e39f4135980259236f40b8a952b39?pvs=21),1.5 Kg. Bifes de Cerdo,"Tortilla de Acelga (https://app.notion.com/p/Tortilla-de-Acelga-352e39f4135980e3bb18cef0aee3fc2c?pvs=21), Tortilla de Papa (https://app.notion.com/p/Tortilla-de-Papa-352e39f4135980adb791ef7bdfa3abc0?pvs=21)",2 Atados Acelga | 4 Uni. Huevo | 0.3 Kg. Cebolla Blanca | 2 Kg. Papa | 4 Uni. Huevo | 0.3 Kg. Cebolla Blanca,,,
Bifes de Cerdo de Carne con Arroz,Bifes de Cerdo (1.5 Kg.) (https://app.notion.com/p/Bifes-de-Cerdo-1-5-Kg-352e39f4135980259236f40b8a952b39?pvs=21),1.5 Kg. Bifes de Cerdo,Cebolla (250 Gr.) (https://app.notion.com/p/Cebolla-250-Gr-352e39f413598072b684d54cf12908bc?pvs=21),0.25 Kg. Cebolla Blanca,Arroz Blanco (https://app.notion.com/p/Arroz-Blanco-344e39f413598006bcc0ce9cfa1d7a22?pvs=21),1 Kg. Arroz | 0.3 Kg. Cebolla Blanca,
Bifes de Pollo con Arroz,Bifes de Pollo (1.5 Kg) (https://app.notion.com/p/Bifes-de-Pollo-1-5-Kg-352e39f41359800d92fbcfeb0ae2d16a?pvs=21),1.5 Kg. Bifes de Pollo,Cebolla (250 Gr.) (https://app.notion.com/p/Cebolla-250-Gr-352e39f413598072b684d54cf12908bc?pvs=21),0.25 Kg. Cebolla Blanca,Arroz Blanco (https://app.notion.com/p/Arroz-Blanco-344e39f413598006bcc0ce9cfa1d7a22?pvs=21),1 Kg. Arroz | 0.3 Kg. Cebolla Blanca,
Bifes de Pollo con Ensalada de Papa y Zanahoria,Bifes de Pollo (1.5 Kg) (https://app.notion.com/p/Bifes-de-Pollo-1-5-Kg-352e39f41359800d92fbcfeb0ae2d16a?pvs=21),1.5 Kg. Bifes de Pollo,"Ensalada de Papa (https://app.notion.com/p/Ensalada-de-Papa-352e39f41359801aa6aed3898abb7f45?pvs=21), Ensalada de Zanahoria (https://app.notion.com/p/Ensalada-de-Zanahoria-352e39f4135980b5988dc1864321ad8f?pvs=21)",1.5 Kg. Papa | 1 Kg. Zanahoria,,,
Bifes de Pollo con Fideos,Bifes de Pollo (1.5 Kg) (https://app.notion.com/p/Bifes-de-Pollo-1-5-Kg-352e39f41359800d92fbcfeb0ae2d16a?pvs=21),1.5 Kg. Bifes de Pollo,,,Fideos Tallarin  (2 Uni.) (https://app.notion.com/p/Fideos-Tallarin-2-Uni-344e39f41359803faa08cc8d008b5636?pvs=21),2 Uni. Fideos Tallarin,
Bifes de Pollo con Fideos Secos,Bifes de Pollo (1.5 Kg) (https://app.notion.com/p/Bifes-de-Pollo-1-5-Kg-352e39f41359800d92fbcfeb0ae2d16a?pvs=21),1.5 Kg. Bifes de Pollo,,,Fideos Secos (https://app.notion.com/p/Fideos-Secos-352e39f413598002a606cb717939029a?pvs=21),1 Uni. Nido de Spaghetti | 0.3 Kg. Cebolla Blanca,
Bifes de Pollo con Papas al Horno,Bifes de Pollo (1.5 Kg) (https://app.notion.com/p/Bifes-de-Pollo-1-5-Kg-352e39f41359800d92fbcfeb0ae2d16a?pvs=21),1.5 Kg. Bifes de Pollo,Papa (1 Kg.) (https://app.notion.com/p/Papa-1-Kg-341e39f4135980829308c5d0bd7cefff?pvs=21),1 Kg. Papa,,,carne-al-horno-1096419.jpeg
Bifes de Pollo con Pure de Papa,Bifes de Pollo (1.5 Kg) (https://app.notion.com/p/Bifes-de-Pollo-1-5-Kg-352e39f41359800d92fbcfeb0ae2d16a?pvs=21),1.5 Kg. Bifes de Pollo,Pure de Papa (2 Kg.) (https://app.notion.com/p/Pure-de-Papa-2-Kg-341e39f4135980edbc59ce5f4b30e014?pvs=21),2 Kg. Papa,,,milanesas-pure-ig-1-819x1024.webp
Bifes de Pollo con Tomate y Lechuga,Bifes de Pollo (1.5 Kg) (https://app.notion.com/p/Bifes-de-Pollo-1-5-Kg-352e39f41359800d92fbcfeb0ae2d16a?pvs=21),1.5 Kg. Bifes de Pollo,Tomate (1 Uni.) (https://app.notion.com/p/Tomate-1-Uni-352e39f4135980dbb386da1f3304d4cb?pvs=21),1 Uni. Tomate,,,
Bifes de Pollo con Tortilla de Papa y Acelga,Bifes de Pollo (1.5 Kg) (https://app.notion.com/p/Bifes-de-Pollo-1-5-Kg-352e39f41359800d92fbcfeb0ae2d16a?pvs=21),1.5 Kg. Bifes de Pollo,"Tortilla de Acelga (https://app.notion.com/p/Tortilla-de-Acelga-352e39f4135980e3bb18cef0aee3fc2c?pvs=21), Tortilla de Papa (https://app.notion.com/p/Tortilla-de-Papa-352e39f4135980adb791ef7bdfa3abc0?pvs=21)",2 Atados Acelga | 4 Uni. Huevo | 0.3 Kg. Cebolla Blanca | 2 Kg. Papa | 4 Uni. Huevo | 0.3 Kg. Cebolla Blanca,,,
Canelones,Carne Molida (500 Gr.) (https://app.notion.com/p/Carne-Molida-500-Gr-344e39f4135980cc85e0d6ebf641a4d4?pvs=21),0.5 Kg. Molida Especial,"Cebolla (250 Gr.) (https://app.notion.com/p/Cebolla-250-Gr-352e39f413598072b684d54cf12908bc?pvs=21), Acelga (2 Atados) (https://app.notion.com/p/Acelga-2-Atados-352e39f413598051bcc9ff4cf25c1ad7?pvs=21), Pimiento Rojo (1 Uni.) (https://app.notion.com/p/Pimiento-Rojo-1-Uni-344e39f41359805b91f1e776ad5298d7?pvs=21)",0.25 Kg. Cebolla Blanca | 2 Atados Acelga | 1 Uni. Pimiento Rojo,"Paleta (150 Gr.) (https://app.notion.com/p/Paleta-150-Gr-352e39f4135980679244c5452b8c28bd?pvs=21), Queso Mantecoso (500 Gr.) (https://app.notion.com/p/Queso-Mantecoso-500-Gr-352e39f4135980719185f68165e28f31?pvs=21), Masa de Panqueques (https://app.notion.com/p/Masa-de-Panqueques-352e39f4135980ed9a23e54107fa2684?pvs=21), Salsa para Fideos (https://app.notion.com/p/Salsa-para-Fideos-344e39f4135980a98056e5b336efb2e1?pvs=21), Queso Rayado  (2 Uni.) (https://app.notion.com/p/Queso-Rayado-2-Uni-352e39f413598076a4c9c6475964df79?pvs=21)",150 Gr. Paleta | 0.5 Kg. Queso Mantecoso | 1 Uni. Huevo | 0.75 Kg. Harina 000 | 2 Uni. Pure de Tomate | 3 Kg. Cebolla Blanca | 1 Uni. Pimiento Rojo | 2 Uni. Queso Rayado,
Carne al Horno  de Carne con Arroz,Carne (2 Kg.) - Tapa de Asado (https://app.notion.com/p/Carne-2-Kg-Tapa-de-Asado-353e39f41359801fb2b0ecde528cdd74?pvs=21),2 Kg. Tapa de Asado,Cebolla (250 Gr.) (https://app.notion.com/p/Cebolla-250-Gr-352e39f413598072b684d54cf12908bc?pvs=21),0.25 Kg. Cebolla Blanca,Arroz Blanco (https://app.notion.com/p/Arroz-Blanco-344e39f413598006bcc0ce9cfa1d7a22?pvs=21),1 Kg. Arroz | 0.3 Kg. Cebolla Blanca,
Carne al Horno Adobado con Papas al Horno,Carne (2 Kg.) - Tapa de Asado (https://app.notion.com/p/Carne-2-Kg-Tapa-de-Asado-353e39f41359801fb2b0ecde528cdd74?pvs=21),2 Kg. Tapa de Asado,Papa (1 Kg.) (https://app.notion.com/p/Papa-1-Kg-341e39f4135980829308c5d0bd7cefff?pvs=21),1 Kg. Papa,"Salsa de Soja (1 Uni.) (https://app.notion.com/p/Salsa-de-Soja-1-Uni-352e39f413598017ab65e07876faa018?pvs=21), Ketchup (1 Uni.) (https://app.notion.com/p/Ketchup-1-Uni-352e39f41359809982bde43ff71dcf5f?pvs=21), Mostaza (1 Uni.) (https://app.notion.com/p/Mostaza-1-Uni-352e39f4135980589cf3e58a4b31b197?pvs=21), Tomillo (20 Gr.) (https://app.notion.com/p/Tomillo-20-Gr-352e39f41359805e869de2d857385291?pvs=21), Pimienton en Polvo (20 Gr.) (https://app.notion.com/p/Pimienton-en-Polvo-20-Gr-352e39f4135980908c91d97eca71ae36?pvs=21)",1 Uni. Salsa de Soja | 1 Uni. Ketchup Chica | 1 Uni. Mostaza Chica | 20 Gr. Tomillo | 20 Gr. Pimienton Rojo (Dulce),
Carne al Horno con Ensalada de Lentejas,Carne (2 Kg.) - Tapa de Asado (https://app.notion.com/p/Carne-2-Kg-Tapa-de-Asado-353e39f41359801fb2b0ecde528cdd74?pvs=21),2 Kg. Tapa de Asado,"Tomate (2 Uni.) (https://app.notion.com/p/Tomate-2-Uni-352e39f4135980b4bd58f22fbe70dcc0?pvs=21), Lechuga (https://app.notion.com/p/Lechuga-352e39f413598093b1b5c933a26f927f?pvs=21)",2 Uni. Tomate | 1 Uni. Lechuga,"Choclo Congelado (1 Uni.) (https://app.notion.com/p/Choclo-Congelado-1-Uni-352e39f4135980c38914e4c9c99f2717?pvs=21), Lata de Lentejas (1 Uni.) (https://app.notion.com/p/Lata-de-Lentejas-1-Uni-353e39f41359803b9fc4d78aa283c182?pvs=21)",1 Uni. Choclo Congelado | 1 Uni. Lentejas,
Carne al Horno con Ensalada de Papa y Zanahoria,Carne (2 Kg.) - Tapa de Asado (https://app.notion.com/p/Carne-2-Kg-Tapa-de-Asado-353e39f41359801fb2b0ecde528cdd74?pvs=21),2 Kg. Tapa de Asado,"Ensalada de Papa (https://app.notion.com/p/Ensalada-de-Papa-352e39f41359801aa6aed3898abb7f45?pvs=21), Ensalada de Zanahoria (https://app.notion.com/p/Ensalada-de-Zanahoria-352e39f4135980b5988dc1864321ad8f?pvs=21)",1.5 Kg. Papa | 1 Kg. Zanahoria,,,
Carne al Horno con Fideos,Carne (2 Kg.) - Tapa de Asado (https://app.notion.com/p/Carne-2-Kg-Tapa-de-Asado-353e39f41359801fb2b0ecde528cdd74?pvs=21),2 Kg. Tapa de Asado,,,Fideos Tallarin  (2 Uni.) (https://app.notion.com/p/Fideos-Tallarin-2-Uni-344e39f41359803faa08cc8d008b5636?pvs=21),2 Uni. Fideos Tallarin,
Carne al Horno con Fideos Secos,Carne (2 Kg.) - Tapa de Asado (https://app.notion.com/p/Carne-2-Kg-Tapa-de-Asado-353e39f41359801fb2b0ecde528cdd74?pvs=21),2 Kg. Tapa de Asado,,,Fideos Secos (https://app.notion.com/p/Fideos-Secos-352e39f413598002a606cb717939029a?pvs=21),1 Uni. Nido de Spaghetti | 0.3 Kg. Cebolla Blanca,
Carne al Horno con Papas al Horno,Carne (2 Kg.) - Tapa de Asado (https://app.notion.com/p/Carne-2-Kg-Tapa-de-Asado-353e39f41359801fb2b0ecde528cdd74?pvs=21),2 Kg. Tapa de Asado,Papa (1 Kg.) (https://app.notion.com/p/Papa-1-Kg-341e39f4135980829308c5d0bd7cefff?pvs=21),1 Kg. Papa,,,carne-al-horno-1096419.jpeg
Carne al Horno con Pure de Papa,Carne (2 Kg.) - Tapa de Asado (https://app.notion.com/p/Carne-2-Kg-Tapa-de-Asado-353e39f41359801fb2b0ecde528cdd74?pvs=21),2 Kg. Tapa de Asado,Pure de Papa (2 Kg.) (https://app.notion.com/p/Pure-de-Papa-2-Kg-341e39f4135980edbc59ce5f4b30e014?pvs=21),2 Kg. Papa,,,milanesas-pure-ig-1-819x1024.webp
Carne al Horno con Tomate y Lechuga,Carne (2 Kg.) - Tapa de Asado (https://app.notion.com/p/Carne-2-Kg-Tapa-de-Asado-353e39f41359801fb2b0ecde528cdd74?pvs=21),2 Kg. Tapa de Asado,Tomate (1 Uni.) (https://app.notion.com/p/Tomate-1-Uni-352e39f4135980dbb386da1f3304d4cb?pvs=21),1 Uni. Tomate,,,
Carne al Horno con Verduras,Carne (2 Kg.) - Tapa de Asado (https://app.notion.com/p/Carne-2-Kg-Tapa-de-Asado-353e39f41359801fb2b0ecde528cdd74?pvs=21),2 Kg. Tapa de Asado,"Zanahoria (750 Gr.) (https://app.notion.com/p/Zanahoria-750-Gr-341e39f41359808ca9c2e78448369a8e?pvs=21), Pimiento Verde (3 Uni.) (https://app.notion.com/p/Pimiento-Verde-3-Uni-341e39f41359807f9eaad3f8a7e301e1?pvs=21), Pimiento Rojo (3 Uni) (https://app.notion.com/p/Pimiento-Rojo-3-Uni-341e39f41359806bacf4fbf6b17a4d3d?pvs=21), Papa (1 Kg.) (https://app.notion.com/p/Papa-1-Kg-341e39f4135980829308c5d0bd7cefff?pvs=21), Cebolla (1 Kg.) (https://app.notion.com/p/Cebolla-1-Kg-352e39f413598017b742eea72d7cf7ce?pvs=21)",0.75 Kg. Zanahoria | 3 Uni. Pimiento Verde | 3 Uni. Pimiento Rojo | 1 Kg. Papa | 1 Kg. Cebolla Blanca,,,8c04a84182d3-diapdre-home-t.jpg
Choripan,Chorizos (16 Uni.) (https://app.notion.com/p/Chorizos-16-Uni-352e39f41359801d9562e2a13aae252a?pvs=21),16 Uni. Chorizos,Tomate (1 Uni.) (https://app.notion.com/p/Tomate-1-Uni-352e39f4135980dbb386da1f3304d4cb?pvs=21),1 Uni. Tomate,Pan (1.5 Gr.) (https://app.notion.com/p/Pan-1-5-Gr-352e39f41359806ea246d232a3f71eae?pvs=21),1.5 Kg. Pan en Bollos,
Croquetas  con Ensalada de Papa y Zanahoria,Croquetas (1.5 Kg.) (https://app.notion.com/p/Croquetas-1-5-Kg-352e39f41359803fbe3cc5256a80d9c8?pvs=21),1.5 Kg. Molida Especial,"Ensalada de Papa (https://app.notion.com/p/Ensalada-de-Papa-352e39f41359801aa6aed3898abb7f45?pvs=21), Ensalada de Zanahoria (https://app.notion.com/p/Ensalada-de-Zanahoria-352e39f4135980b5988dc1864321ad8f?pvs=21)",1.5 Kg. Papa | 1 Kg. Zanahoria,,,
Croquetas con Arroz,Croquetas (1.5 Kg.) (https://app.notion.com/p/Croquetas-1-5-Kg-352e39f41359803fbe3cc5256a80d9c8?pvs=21),1.5 Kg. Molida Especial,Cebolla (250 Gr.) (https://app.notion.com/p/Cebolla-250-Gr-352e39f413598072b684d54cf12908bc?pvs=21),0.25 Kg. Cebolla Blanca,Arroz Blanco (https://app.notion.com/p/Arroz-Blanco-344e39f413598006bcc0ce9cfa1d7a22?pvs=21),1 Kg. Arroz | 0.3 Kg. Cebolla Blanca,
Croquetas con Fideos,Croquetas (1.5 Kg.) (https://app.notion.com/p/Croquetas-1-5-Kg-352e39f41359803fbe3cc5256a80d9c8?pvs=21),1.5 Kg. Molida Especial,,,Fideos Tallarin  (2 Uni.) (https://app.notion.com/p/Fideos-Tallarin-2-Uni-344e39f41359803faa08cc8d008b5636?pvs=21),2 Uni. Fideos Tallarin,
Croquetas con Fideos Secos,Croquetas (1.5 Kg.) (https://app.notion.com/p/Croquetas-1-5-Kg-352e39f41359803fbe3cc5256a80d9c8?pvs=21),1.5 Kg. Molida Especial,,,Fideos Secos (https://app.notion.com/p/Fideos-Secos-352e39f413598002a606cb717939029a?pvs=21),1 Uni. Nido de Spaghetti | 0.3 Kg. Cebolla Blanca,
Croquetas con Papas al Horno,Croquetas (1.5 Kg.) (https://app.notion.com/p/Croquetas-1-5-Kg-352e39f41359803fbe3cc5256a80d9c8?pvs=21),1.5 Kg. Molida Especial,Papa (1 Kg.) (https://app.notion.com/p/Papa-1-Kg-341e39f4135980829308c5d0bd7cefff?pvs=21),1 Kg. Papa,,,carne-al-horno-1096419.jpeg
Croquetas con Pure de Papa,Croquetas (1.5 Kg.) (https://app.notion.com/p/Croquetas-1-5-Kg-352e39f41359803fbe3cc5256a80d9c8?pvs=21),1.5 Kg. Molida Especial,Pure de Papa (2 Kg.) (https://app.notion.com/p/Pure-de-Papa-2-Kg-341e39f4135980edbc59ce5f4b30e014?pvs=21),2 Kg. Papa,,,milanesas-pure-ig-1-819x1024.webp
Croquetas con Tomate y Lechuga,Croquetas (1.5 Kg.) (https://app.notion.com/p/Croquetas-1-5-Kg-352e39f41359803fbe3cc5256a80d9c8?pvs=21),1.5 Kg. Molida Especial,Tomate (1 Uni.) (https://app.notion.com/p/Tomate-1-Uni-352e39f4135980dbb386da1f3304d4cb?pvs=21),1 Uni. Tomate,,,
Croquetas con Tortilla de Papa y Acelga,Croquetas (1.5 Kg.) (https://app.notion.com/p/Croquetas-1-5-Kg-352e39f41359803fbe3cc5256a80d9c8?pvs=21),1.5 Kg. Molida Especial,"Tortilla de Acelga (https://app.notion.com/p/Tortilla-de-Acelga-352e39f4135980e3bb18cef0aee3fc2c?pvs=21), Tortilla de Papa (https://app.notion.com/p/Tortilla-de-Papa-352e39f4135980adb791ef7bdfa3abc0?pvs=21)",2 Atados Acelga | 4 Uni. Huevo | 0.3 Kg. Cebolla Blanca | 2 Kg. Papa | 4 Uni. Huevo | 0.3 Kg. Cebolla Blanca,,,
Empanadas de Acelga,,,"Acelga (2 Atados) (https://app.notion.com/p/Acelga-2-Atados-352e39f413598051bcc9ff4cf25c1ad7?pvs=21), Cebolla (250 Gr.) (https://app.notion.com/p/Cebolla-250-Gr-352e39f413598072b684d54cf12908bc?pvs=21)",2 Atados Acelga | 0.25 Kg. Cebolla Blanca,"Huevos Cocidos (6 Uni.) (https://app.notion.com/p/Huevos-Cocidos-6-Uni-352e39f41359802aae46c35107a71d64?pvs=21), Paleta (150 Gr.) (https://app.notion.com/p/Paleta-150-Gr-352e39f4135980679244c5452b8c28bd?pvs=21), Queso Mantecoso (500 Gr.) (https://app.notion.com/p/Queso-Mantecoso-500-Gr-352e39f4135980719185f68165e28f31?pvs=21), Masa de Empanadas de Acelga (https://app.notion.com/p/Masa-de-Empanadas-de-Acelga-352e39f41359801c8056fecb51222faa?pvs=21)",6 Uni. Huevo | 150 Gr. Paleta | 0.5 Kg. Queso Mantecoso | 1 Kg. Harina 000,
Empanadas de Carne,Relleno de Empanadas Criollas (https://app.notion.com/p/Relleno-de-Empanadas-Criollas-352e39f413598087b91fd6e201d4b7a0?pvs=21),1 Kg. Molida Especial | 2 Kg. Cebolla Blanca | 2 Uni. Pimiento Rojo,,,"Huevos Cocidos (6 Uni.) (https://app.notion.com/p/Huevos-Cocidos-6-Uni-352e39f41359802aae46c35107a71d64?pvs=21), Masa de Empanadas (https://app.notion.com/p/Masa-de-Empanadas-352e39f4135980558df6e80909082310?pvs=21), Aceitunas (150 Gr.) (https://app.notion.com/p/Aceitunas-150-Gr-352e39f4135980fda6e6eaa92909c24f?pvs=21)",6 Uni. Huevo | 1.5 Kg. Harina 000 | 0.3 Kg. Grasa Bovina | 150 Gr. Aceitunas Verdes,
Ensalada de Fideos,Pechuga de Pollo (2 Uni.) (https://app.notion.com/p/Pechuga-de-Pollo-2-Uni-344e39f41359806896aac84ddcc34369?pvs=21),2 Uni. Pechuga de Pollo,Lechuga (https://app.notion.com/p/Lechuga-352e39f413598093b1b5c933a26f927f?pvs=21),1 Uni. Lechuga,"Fideos Tirabuson (1 Uni.) (https://app.notion.com/p/Fideos-Tirabuson-1-Uni-353e39f4135980e7bbdfce642a47200b?pvs=21), Choclo Congelado (1 Uni.) (https://app.notion.com/p/Choclo-Congelado-1-Uni-352e39f4135980c38914e4c9c99f2717?pvs=21), Lata de Arvejas (1 Uni.) (https://app.notion.com/p/Lata-de-Arvejas-1-Uni-352e39f4135980c89bc2d0b1210673ac?pvs=21), Aceitunas (150 Gr.) (https://app.notion.com/p/Aceitunas-150-Gr-352e39f4135980fda6e6eaa92909c24f?pvs=21), Paquete de Garvanzos (1 Uni.) (https://app.notion.com/p/Paquete-de-Garvanzos-1-Uni-353e39f413598037a721fd499c65a179?pvs=21)",1 Uni. Fideos Tirabuzon | 1 Uni. Choclo Congelado | 1 Uni. Arvejas | 150 Gr. Aceitunas Verdes | 1 Uni. Garvanzos,
Escalopes con Fideos Codito,Escalopes (1.5 Kg.) (https://app.notion.com/p/Escalopes-1-5-Kg-353e39f4135980be86dac63b85bba049?pvs=21),1.5 Kg. Bife de Nalga,,,"Fideos Coditos (1 Uni.) (https://app.notion.com/p/Fideos-Coditos-1-Uni-344e39f41359805e8ba7c075f7fe975a?pvs=21), Masa de Panqueques (https://app.notion.com/p/Masa-de-Panqueques-352e39f4135980ed9a23e54107fa2684?pvs=21)",1 Uni. Fideos Coditos | 1 Uni. Huevo | 0.75 Kg. Harina 000,
Fideos con Salsa y Bifes de Carne,Bifes de Carne (750 Gr.) (https://app.notion.com/p/Bifes-de-Carne-750-Gr-353e39f413598084a561ea54a1b8a00b?pvs=21),0.75 Kg. Bife de Nalga,,,"Fideos Tallarin  (2 Uni.) (https://app.notion.com/p/Fideos-Tallarin-2-Uni-344e39f41359803faa08cc8d008b5636?pvs=21), Salsa para Fideos (https://app.notion.com/p/Salsa-para-Fideos-344e39f4135980a98056e5b336efb2e1?pvs=21), Queso Rayado  (2 Uni.) (https://app.notion.com/p/Queso-Rayado-2-Uni-352e39f413598076a4c9c6475964df79?pvs=21)",2 Uni. Fideos Tallarin | 2 Uni. Pure de Tomate | 3 Kg. Cebolla Blanca | 1 Uni. Pimiento Rojo | 2 Uni. Queso Rayado,
Fideos con Salsa y Molida,Carne Molida (500 Gr.) (https://app.notion.com/p/Carne-Molida-500-Gr-344e39f4135980cc85e0d6ebf641a4d4?pvs=21),0.5 Kg. Molida Especial,,,"Salsa para Fideos (https://app.notion.com/p/Salsa-para-Fideos-344e39f4135980a98056e5b336efb2e1?pvs=21), Fideos Tallarin  (2 Uni.) (https://app.notion.com/p/Fideos-Tallarin-2-Uni-344e39f41359803faa08cc8d008b5636?pvs=21), Queso Rayado  (2 Uni.) (https://app.notion.com/p/Queso-Rayado-2-Uni-352e39f413598076a4c9c6475964df79?pvs=21)",2 Uni. Pure de Tomate | 3 Kg. Cebolla Blanca | 1 Uni. Pimiento Rojo | 2 Uni. Fideos Tallarin | 2 Uni. Queso Rayado,SpaghettiForFour_592_cc.jpg
Guiso de Carne con Arroz,Bifes de Carne (750 Gr.) (https://app.notion.com/p/Bifes-de-Carne-750-Gr-353e39f413598084a561ea54a1b8a00b?pvs=21),0.75 Kg. Bife de Nalga,"Cebolla (250 Gr.) (https://app.notion.com/p/Cebolla-250-Gr-352e39f413598072b684d54cf12908bc?pvs=21), Pimiento Rojo (1 Uni.) (https://app.notion.com/p/Pimiento-Rojo-1-Uni-344e39f41359805b91f1e776ad5298d7?pvs=21), Tomate (2 Uni.) (https://app.notion.com/p/Tomate-2-Uni-352e39f4135980b4bd58f22fbe70dcc0?pvs=21), Papa (300 Gr.) (https://app.notion.com/p/Papa-300-Gr-353e39f4135980e0ad49f9e1bd01d6a9?pvs=21), Zanahoria (250 Gr.) (https://app.notion.com/p/Zanahoria-250-Gr-353e39f41359809e8a9ced7b7de4379e?pvs=21), Pimiento Verde  (1 Uni.) (https://app.notion.com/p/Pimiento-Verde-1-Uni-344e39f41359807cb16dfc5bb843e45f?pvs=21)",0.25 Kg. Cebolla Blanca | 1 Uni. Pimiento Rojo | 2 Uni. Tomate | 0.3 Kg. Papa | 0.25 Kg. Zanahoria | 1 Uni. Pimiento Verde,"Caja de Pure de Tomates (1 Uni.) (https://app.notion.com/p/Caja-de-Pure-de-Tomates-1-Uni-352e39f41359805cae49c97e293299ea?pvs=21), Arroz Amarillo (https://app.notion.com/p/Arroz-Amarillo-352e39f413598039b505d9e372f38359?pvs=21)",1 Uni. Pure de Tomate | 1 Kg. Arroz | 0.3 Kg. Cebolla Blanca,
Guiso de Carne con Fideo Moñito,Bifes de Carne (750 Gr.) (https://app.notion.com/p/Bifes-de-Carne-750-Gr-353e39f413598084a561ea54a1b8a00b?pvs=21),0.75 Kg. Bife de Nalga,"Cebolla (250 Gr.) (https://app.notion.com/p/Cebolla-250-Gr-352e39f413598072b684d54cf12908bc?pvs=21), Pimiento Rojo (1 Uni.) (https://app.notion.com/p/Pimiento-Rojo-1-Uni-344e39f41359805b91f1e776ad5298d7?pvs=21), Tomate (2 Uni.) (https://app.notion.com/p/Tomate-2-Uni-352e39f4135980b4bd58f22fbe70dcc0?pvs=21), Pimiento Verde  (1 Uni.) (https://app.notion.com/p/Pimiento-Verde-1-Uni-344e39f41359807cb16dfc5bb843e45f?pvs=21), Papa (300 Gr.) (https://app.notion.com/p/Papa-300-Gr-353e39f4135980e0ad49f9e1bd01d6a9?pvs=21), Zanahoria (250 Gr.) (https://app.notion.com/p/Zanahoria-250-Gr-353e39f41359809e8a9ced7b7de4379e?pvs=21)",0.25 Kg. Cebolla Blanca | 1 Uni. Pimiento Rojo | 2 Uni. Tomate | 1 Uni. Pimiento Verde | 0.3 Kg. Papa | 0.25 Kg. Zanahoria,"Caja de Pure de Tomates (1 Uni.) (https://app.notion.com/p/Caja-de-Pure-de-Tomates-1-Uni-352e39f41359805cae49c97e293299ea?pvs=21), Fideos Moñito (1 Uni.) (https://app.notion.com/p/Fideos-Mo-ito-1-Uni-352e39f4135980c988d4c6e46a5e909a?pvs=21)",1 Uni. Pure de Tomate | 1 Uni. Fideos Moñito,
Guiso de Pollo con Arroz,Pechuga de Pollo (2 Uni.) (https://app.notion.com/p/Pechuga-de-Pollo-2-Uni-344e39f41359806896aac84ddcc34369?pvs=21),2 Uni. Pechuga de Pollo,"Cebolla (250 Gr.) (https://app.notion.com/p/Cebolla-250-Gr-352e39f413598072b684d54cf12908bc?pvs=21), Pimiento Rojo (1 Uni.) (https://app.notion.com/p/Pimiento-Rojo-1-Uni-344e39f41359805b91f1e776ad5298d7?pvs=21), Tomate (2 Uni.) (https://app.notion.com/p/Tomate-2-Uni-352e39f4135980b4bd58f22fbe70dcc0?pvs=21), Papa (300 Gr.) (https://app.notion.com/p/Papa-300-Gr-353e39f4135980e0ad49f9e1bd01d6a9?pvs=21), Zanahoria (250 Gr.) (https://app.notion.com/p/Zanahoria-250-Gr-353e39f41359809e8a9ced7b7de4379e?pvs=21), Pimiento Verde  (1 Uni.) (https://app.notion.com/p/Pimiento-Verde-1-Uni-344e39f41359807cb16dfc5bb843e45f?pvs=21)",0.25 Kg. Cebolla Blanca | 1 Uni. Pimiento Rojo | 2 Uni. Tomate | 0.3 Kg. Papa | 0.25 Kg. Zanahoria | 1 Uni. Pimiento Verde,"Caja de Pure de Tomates (1 Uni.) (https://app.notion.com/p/Caja-de-Pure-de-Tomates-1-Uni-352e39f41359805cae49c97e293299ea?pvs=21), Arroz Amarillo (https://app.notion.com/p/Arroz-Amarillo-352e39f413598039b505d9e372f38359?pvs=21)",1 Uni. Pure de Tomate | 1 Kg. Arroz | 0.3 Kg. Cebolla Blanca,
Guiso de Pollo con Fideo Moñito,Pechuga de Pollo (2 Uni.) (https://app.notion.com/p/Pechuga-de-Pollo-2-Uni-344e39f41359806896aac84ddcc34369?pvs=21),2 Uni. Pechuga de Pollo,"Cebolla (250 Gr.) (https://app.notion.com/p/Cebolla-250-Gr-352e39f413598072b684d54cf12908bc?pvs=21), Pimiento Rojo (1 Uni.) (https://app.notion.com/p/Pimiento-Rojo-1-Uni-344e39f41359805b91f1e776ad5298d7?pvs=21), Tomate (2 Uni.) (https://app.notion.com/p/Tomate-2-Uni-352e39f4135980b4bd58f22fbe70dcc0?pvs=21), Papa (300 Gr.) (https://app.notion.com/p/Papa-300-Gr-353e39f4135980e0ad49f9e1bd01d6a9?pvs=21), Pimiento Verde  (1 Uni.) (https://app.notion.com/p/Pimiento-Verde-1-Uni-344e39f41359807cb16dfc5bb843e45f?pvs=21), Zanahoria (250 Gr.) (https://app.notion.com/p/Zanahoria-250-Gr-353e39f41359809e8a9ced7b7de4379e?pvs=21)",0.25 Kg. Cebolla Blanca | 1 Uni. Pimiento Rojo | 2 Uni. Tomate | 0.3 Kg. Papa | 1 Uni. Pimiento Verde | 0.25 Kg. Zanahoria,"Caja de Pure de Tomates (1 Uni.) (https://app.notion.com/p/Caja-de-Pure-de-Tomates-1-Uni-352e39f41359805cae49c97e293299ea?pvs=21), Fideos Moñito (1 Uni.) (https://app.notion.com/p/Fideos-Mo-ito-1-Uni-352e39f4135980c988d4c6e46a5e909a?pvs=21)",1 Uni. Pure de Tomate | 1 Uni. Fideos Moñito,
Lasaña,Carne Molida (500 Gr.) (https://app.notion.com/p/Carne-Molida-500-Gr-344e39f4135980cc85e0d6ebf641a4d4?pvs=21),0.5 Kg. Molida Especial,,,"Masa de Panqueques (https://app.notion.com/p/Masa-de-Panqueques-352e39f4135980ed9a23e54107fa2684?pvs=21), Queso Mantecoso (500 Gr.) (https://app.notion.com/p/Queso-Mantecoso-500-Gr-352e39f4135980719185f68165e28f31?pvs=21), Salsa para Fideos (https://app.notion.com/p/Salsa-para-Fideos-344e39f4135980a98056e5b336efb2e1?pvs=21)",1 Uni. Huevo | 0.75 Kg. Harina 000 | 0.5 Kg. Queso Mantecoso | 2 Uni. Pure de Tomate | 3 Kg. Cebolla Blanca | 1 Uni. Pimiento Rojo,
Locro (Porotos),"Chorizos (3 Uni.) (https://app.notion.com/p/Chorizos-3-Uni-352e39f41359801b8840c11bd6812608?pvs=21), Bifes de Carne (750 Gr.) (https://app.notion.com/p/Bifes-de-Carne-750-Gr-353e39f413598084a561ea54a1b8a00b?pvs=21)",3 Uni. Chorizos | 0.75 Kg. Bife de Nalga,"Pimiento Rojo (1 Uni.) (https://app.notion.com/p/Pimiento-Rojo-1-Uni-344e39f41359805b91f1e776ad5298d7?pvs=21), Cebolla (250 Gr.) (https://app.notion.com/p/Cebolla-250-Gr-352e39f413598072b684d54cf12908bc?pvs=21), Zapallo (1/4) (https://app.notion.com/p/Zapallo-1-4-352e39f4135980f09e51f0283dd3ab86?pvs=21)",1 Uni. Pimiento Rojo | 0.25 Kg. Cebolla Blanca | 1 Cuarto Zapallo,"Maiz Blanco (1 Uni.) (https://app.notion.com/p/Maiz-Blanco-1-Uni-352e39f413598044b81eec7b85c3c4a0?pvs=21), Paquete de Porotos Blancos (1 Uni.) (https://app.notion.com/p/Paquete-de-Porotos-Blancos-1-Uni-352e39f4135980438f70d03c70dd7146?pvs=21), Panceta (200 Gr.) (https://app.notion.com/p/Panceta-200-Gr-352e39f413598058ba9efcc0c7906cc0?pvs=21)",1 Uni. Maiz Blanco | 1 Uni. Porotos | 200 Gr. Panceta,
Lomo de Cerdo Adobado con Papas al Horno,Lomo de Cerdo (2 Kg.) (https://app.notion.com/p/Lomo-de-Cerdo-2-Kg-341e39f4135980abb69cede9773a0897?pvs=21),2 Kg. Lomo de Cerdo,Papa (1 Kg.) (https://app.notion.com/p/Papa-1-Kg-341e39f4135980829308c5d0bd7cefff?pvs=21),1 Kg. Papa,"Salsa de Soja (1 Uni.) (https://app.notion.com/p/Salsa-de-Soja-1-Uni-352e39f413598017ab65e07876faa018?pvs=21), Ketchup (1 Uni.) (https://app.notion.com/p/Ketchup-1-Uni-352e39f41359809982bde43ff71dcf5f?pvs=21), Mostaza (1 Uni.) (https://app.notion.com/p/Mostaza-1-Uni-352e39f4135980589cf3e58a4b31b197?pvs=21), Tomillo (20 Gr.) (https://app.notion.com/p/Tomillo-20-Gr-352e39f41359805e869de2d857385291?pvs=21), Pimienton en Polvo (20 Gr.) (https://app.notion.com/p/Pimienton-en-Polvo-20-Gr-352e39f4135980908c91d97eca71ae36?pvs=21)",1 Uni. Salsa de Soja | 1 Uni. Ketchup Chica | 1 Uni. Mostaza Chica | 20 Gr. Tomillo | 20 Gr. Pimienton Rojo (Dulce),
Lomo de Cerdo con Arroz,Lomo de Cerdo (2 Kg.) (https://app.notion.com/p/Lomo-de-Cerdo-2-Kg-341e39f4135980abb69cede9773a0897?pvs=21),2 Kg. Lomo de Cerdo,,,Arroz Blanco (https://app.notion.com/p/Arroz-Blanco-344e39f413598006bcc0ce9cfa1d7a22?pvs=21),1 Kg. Arroz | 0.3 Kg. Cebolla Blanca,
Lomo de Cerdo con Ensalada de Papa y Zanahoria,Lomo de Cerdo (2 Kg.) (https://app.notion.com/p/Lomo-de-Cerdo-2-Kg-341e39f4135980abb69cede9773a0897?pvs=21),2 Kg. Lomo de Cerdo,"Ensalada de Papa (https://app.notion.com/p/Ensalada-de-Papa-352e39f41359801aa6aed3898abb7f45?pvs=21), Ensalada de Zanahoria (https://app.notion.com/p/Ensalada-de-Zanahoria-352e39f4135980b5988dc1864321ad8f?pvs=21)",1.5 Kg. Papa | 1 Kg. Zanahoria,,,
Lomo de Cerdo con Fideos,Lomo de Cerdo (2 Kg.) (https://app.notion.com/p/Lomo-de-Cerdo-2-Kg-341e39f4135980abb69cede9773a0897?pvs=21),2 Kg. Lomo de Cerdo,,,Fideos Tallarin  (2 Uni.) (https://app.notion.com/p/Fideos-Tallarin-2-Uni-344e39f41359803faa08cc8d008b5636?pvs=21),2 Uni. Fideos Tallarin,
Lomo de Cerdo con Fideos Secos,Lomo de Cerdo (2 Kg.) (https://app.notion.com/p/Lomo-de-Cerdo-2-Kg-341e39f4135980abb69cede9773a0897?pvs=21),2 Kg. Lomo de Cerdo,,,Fideos Secos (https://app.notion.com/p/Fideos-Secos-352e39f413598002a606cb717939029a?pvs=21),1 Uni. Nido de Spaghetti | 0.3 Kg. Cebolla Blanca,
Lomo de Cerdo con Papa y Zanahoria,Lomo de Cerdo (2 Kg.) (https://app.notion.com/p/Lomo-de-Cerdo-2-Kg-341e39f4135980abb69cede9773a0897?pvs=21),2 Kg. Lomo de Cerdo,"Papa (1 Kg.) (https://app.notion.com/p/Papa-1-Kg-341e39f4135980829308c5d0bd7cefff?pvs=21), Zanahoria (750 Gr.) (https://app.notion.com/p/Zanahoria-750-Gr-341e39f41359808ca9c2e78448369a8e?pvs=21)",1 Kg. Papa | 0.75 Kg. Zanahoria,,,
Lomo de Cerdo con Pure,Lomo de Cerdo (2 Kg.) (https://app.notion.com/p/Lomo-de-Cerdo-2-Kg-341e39f4135980abb69cede9773a0897?pvs=21),2 Kg. Lomo de Cerdo,"Zanahoria (750 Gr.) (https://app.notion.com/p/Zanahoria-750-Gr-341e39f41359808ca9c2e78448369a8e?pvs=21), Papa (1 Kg.) (https://app.notion.com/p/Papa-1-Kg-341e39f4135980829308c5d0bd7cefff?pvs=21)",0.75 Kg. Zanahoria | 1 Kg. Papa,,,
Lomo de Cerdo con Verduras,Lomo de Cerdo (2 Kg.) (https://app.notion.com/p/Lomo-de-Cerdo-2-Kg-341e39f4135980abb69cede9773a0897?pvs=21),2 Kg. Lomo de Cerdo,"Zanahoria (750 Gr.) (https://app.notion.com/p/Zanahoria-750-Gr-341e39f41359808ca9c2e78448369a8e?pvs=21), Pimiento Verde (3 Uni.) (https://app.notion.com/p/Pimiento-Verde-3-Uni-341e39f41359807f9eaad3f8a7e301e1?pvs=21), Pimiento Rojo (3 Uni) (https://app.notion.com/p/Pimiento-Rojo-3-Uni-341e39f41359806bacf4fbf6b17a4d3d?pvs=21), Papa (1 Kg.) (https://app.notion.com/p/Papa-1-Kg-341e39f4135980829308c5d0bd7cefff?pvs=21), Cebolla (1 Kg.) (https://app.notion.com/p/Cebolla-1-Kg-352e39f413598017b742eea72d7cf7ce?pvs=21)",0.75 Kg. Zanahoria | 3 Uni. Pimiento Verde | 3 Uni. Pimiento Rojo | 1 Kg. Papa | 1 Kg. Cebolla Blanca,,,8c04a84182d3-diapdre-home-t.jpg
Matambre de Carne a la Pizza,Matambre de Cerdo  (2 Kg.) (https://app.notion.com/p/Matambre-de-Cerdo-2-Kg-352e39f4135980828e59c69fcf92075e?pvs=21),2 Kg. Matambre de Cerdo,Pimiento Rojo (1 Uni.) (https://app.notion.com/p/Pimiento-Rojo-1-Uni-344e39f41359805b91f1e776ad5298d7?pvs=21),1 Uni. Pimiento Rojo,"Salsa para Fideos (https://app.notion.com/p/Salsa-para-Fideos-344e39f4135980a98056e5b336efb2e1?pvs=21), Paleta (150 Gr.) (https://app.notion.com/p/Paleta-150-Gr-352e39f4135980679244c5452b8c28bd?pvs=21), Queso Mantecoso (500 Gr.) (https://app.notion.com/p/Queso-Mantecoso-500-Gr-352e39f4135980719185f68165e28f31?pvs=21)",2 Uni. Pure de Tomate | 3 Kg. Cebolla Blanca | 1 Uni. Pimiento Rojo | 150 Gr. Paleta | 0.5 Kg. Queso Mantecoso,
Matambre de Cerdo a la Pizza,Matambre de Carne (2 Kg.) (https://app.notion.com/p/Matambre-de-Carne-2-Kg-352e39f4135980c69007ed606eeab369?pvs=21),2 Kg. Matambre de Carne,Pimiento Rojo (1 Uni.) (https://app.notion.com/p/Pimiento-Rojo-1-Uni-344e39f41359805b91f1e776ad5298d7?pvs=21),1 Uni. Pimiento Rojo,"Salsa para Fideos (https://app.notion.com/p/Salsa-para-Fideos-344e39f4135980a98056e5b336efb2e1?pvs=21), Paleta (150 Gr.) (https://app.notion.com/p/Paleta-150-Gr-352e39f4135980679244c5452b8c28bd?pvs=21), Queso Mantecoso (500 Gr.) (https://app.notion.com/p/Queso-Mantecoso-500-Gr-352e39f4135980719185f68165e28f31?pvs=21)",2 Uni. Pure de Tomate | 3 Kg. Cebolla Blanca | 1 Uni. Pimiento Rojo | 150 Gr. Paleta | 0.5 Kg. Queso Mantecoso,
Milanesas de Carne a la Napolitana con Pure de Papa,Milanesas de Carne (1.5 Kg.) (https://app.notion.com/p/Milanesas-de-Carne-1-5-Kg-341e39f413598011a63dd2a4c2f7d06b?pvs=21),1.5 Kg. Bife de Nalga,Pure de Papa (2 Kg.) (https://app.notion.com/p/Pure-de-Papa-2-Kg-341e39f4135980edbc59ce5f4b30e014?pvs=21),2 Kg. Papa,"Salsa para Pizza (https://app.notion.com/p/Salsa-para-Pizza-352e39f4135980d69253f67a36c916a4?pvs=21), Queso Mantecoso (500 Gr.) (https://app.notion.com/p/Queso-Mantecoso-500-Gr-352e39f4135980719185f68165e28f31?pvs=21), Paleta (150 Gr.) (https://app.notion.com/p/Paleta-150-Gr-352e39f4135980679244c5452b8c28bd?pvs=21), Aceitunas (150 Gr.) (https://app.notion.com/p/Aceitunas-150-Gr-352e39f4135980fda6e6eaa92909c24f?pvs=21)",2 Uni. Pure de Tomate | 3 Kg. Cebolla Blanca | 1 Uni. Pimiento Rojo | 0.5 Kg. Queso Mantecoso | 150 Gr. Paleta | 150 Gr. Aceitunas Verdes,milanesas-pure-ig-1-819x1024.webp
Milanesas de Carne con Arroz,Milanesas de Carne (1.5 Kg.) (https://app.notion.com/p/Milanesas-de-Carne-1-5-Kg-341e39f413598011a63dd2a4c2f7d06b?pvs=21),1.5 Kg. Bife de Nalga,Cebolla (250 Gr.) (https://app.notion.com/p/Cebolla-250-Gr-352e39f413598072b684d54cf12908bc?pvs=21),0.25 Kg. Cebolla Blanca,Arroz Blanco (https://app.notion.com/p/Arroz-Blanco-344e39f413598006bcc0ce9cfa1d7a22?pvs=21),1 Kg. Arroz | 0.3 Kg. Cebolla Blanca,
Milanesas de Carne con Ensalada de Papa y Zanahoria,Milanesas de Carne (1.5 Kg.) (https://app.notion.com/p/Milanesas-de-Carne-1-5-Kg-341e39f413598011a63dd2a4c2f7d06b?pvs=21),1.5 Kg. Bife de Nalga,"Ensalada de Papa (https://app.notion.com/p/Ensalada-de-Papa-352e39f41359801aa6aed3898abb7f45?pvs=21), Ensalada de Zanahoria (https://app.notion.com/p/Ensalada-de-Zanahoria-352e39f4135980b5988dc1864321ad8f?pvs=21)",1.5 Kg. Papa | 1 Kg. Zanahoria,,,
Milanesas de Carne con Ensalada Rusa y Veteraba,Milanesas de Carne (1.5 Kg.) (https://app.notion.com/p/Milanesas-de-Carne-1-5-Kg-341e39f413598011a63dd2a4c2f7d06b?pvs=21),1.5 Kg. Bife de Nalga,"Ensalada Rusa (https://app.notion.com/p/Ensalada-Rusa-353e39f4135980b8b250c882312ce532?pvs=21), Veteraba (1 Atado) (https://app.notion.com/p/Veteraba-1-Atado-353e39f4135980afb892c1d6cdf7cb5d?pvs=21)",0.5 Kg. Papa | 0.25 Kg. Zanahoria | 1 Uni. Arvejas | 1 Atado/s Atado de Veteraba,,,
Milanesas de Carne con Fideos,Milanesas de Carne (1.5 Kg.) (https://app.notion.com/p/Milanesas-de-Carne-1-5-Kg-341e39f413598011a63dd2a4c2f7d06b?pvs=21),1.5 Kg. Bife de Nalga,,,Fideos Tallarin  (2 Uni.) (https://app.notion.com/p/Fideos-Tallarin-2-Uni-344e39f41359803faa08cc8d008b5636?pvs=21),2 Uni. Fideos Tallarin,
Milanesas de Carne con Fideos Secos,Milanesas de Carne (1.5 Kg.) (https://app.notion.com/p/Milanesas-de-Carne-1-5-Kg-341e39f413598011a63dd2a4c2f7d06b?pvs=21),1.5 Kg. Bife de Nalga,,,Fideos Secos (https://app.notion.com/p/Fideos-Secos-352e39f413598002a606cb717939029a?pvs=21),1 Uni. Nido de Spaghetti | 0.3 Kg. Cebolla Blanca,
Milanesas de Carne con Papas al Horno,Milanesas de Carne (1.5 Kg.) (https://app.notion.com/p/Milanesas-de-Carne-1-5-Kg-341e39f413598011a63dd2a4c2f7d06b?pvs=21),1.5 Kg. Bife de Nalga,Papa (1 Kg.) (https://app.notion.com/p/Papa-1-Kg-341e39f4135980829308c5d0bd7cefff?pvs=21),1 Kg. Papa,,,carne-al-horno-1096419.jpeg
Milanesas de Carne con Pure de Papa,Milanesas de Carne (1.5 Kg.) (https://app.notion.com/p/Milanesas-de-Carne-1-5-Kg-341e39f413598011a63dd2a4c2f7d06b?pvs=21),1.5 Kg. Bife de Nalga,Pure de Papa (2 Kg.) (https://app.notion.com/p/Pure-de-Papa-2-Kg-341e39f4135980edbc59ce5f4b30e014?pvs=21),2 Kg. Papa,,,milanesas-pure-ig-1-819x1024.webp
Milanesas de Carne con Tomate y Lechuga,Milanesas de Carne (1.5 Kg.) (https://app.notion.com/p/Milanesas-de-Carne-1-5-Kg-341e39f413598011a63dd2a4c2f7d06b?pvs=21),1.5 Kg. Bife de Nalga,Tomate (1 Uni.) (https://app.notion.com/p/Tomate-1-Uni-352e39f4135980dbb386da1f3304d4cb?pvs=21),1 Uni. Tomate,,,
Milanesas de Carne con Tortilla de Papa y Acelga,Milanesas de Carne (1.5 Kg.) (https://app.notion.com/p/Milanesas-de-Carne-1-5-Kg-341e39f413598011a63dd2a4c2f7d06b?pvs=21),1.5 Kg. Bife de Nalga,"Tortilla de Acelga (https://app.notion.com/p/Tortilla-de-Acelga-352e39f4135980e3bb18cef0aee3fc2c?pvs=21), Tortilla de Papa (https://app.notion.com/p/Tortilla-de-Papa-352e39f4135980adb791ef7bdfa3abc0?pvs=21)",2 Atados Acelga | 4 Uni. Huevo | 0.3 Kg. Cebolla Blanca | 2 Kg. Papa | 4 Uni. Huevo | 0.3 Kg. Cebolla Blanca,,,
Milanesas de Cerdo con Arroz,Milanesas de Cerdo (1.5 Kg.) (https://app.notion.com/p/Milanesas-de-Cerdo-1-5-Kg-352e39f4135980d3b017e5c25518e240?pvs=21),1.5 Kg. Bifes de Cerdo,Cebolla (250 Gr.) (https://app.notion.com/p/Cebolla-250-Gr-352e39f413598072b684d54cf12908bc?pvs=21),0.25 Kg. Cebolla Blanca,Arroz Blanco (https://app.notion.com/p/Arroz-Blanco-344e39f413598006bcc0ce9cfa1d7a22?pvs=21),1 Kg. Arroz | 0.3 Kg. Cebolla Blanca,
Milanesas de Cerdo con Ensalada de Papa y Zanahoria,Milanesas de Cerdo (1.5 Kg.) (https://app.notion.com/p/Milanesas-de-Cerdo-1-5-Kg-352e39f4135980d3b017e5c25518e240?pvs=21),1.5 Kg. Bifes de Cerdo,"Ensalada de Papa (https://app.notion.com/p/Ensalada-de-Papa-352e39f41359801aa6aed3898abb7f45?pvs=21), Ensalada de Zanahoria (https://app.notion.com/p/Ensalada-de-Zanahoria-352e39f4135980b5988dc1864321ad8f?pvs=21)",1.5 Kg. Papa | 1 Kg. Zanahoria,,,
Milanesas de Cerdo con Fideos,Milanesas de Cerdo (1.5 Kg.) (https://app.notion.com/p/Milanesas-de-Cerdo-1-5-Kg-352e39f4135980d3b017e5c25518e240?pvs=21),1.5 Kg. Bifes de Cerdo,,,Fideos Tallarin  (2 Uni.) (https://app.notion.com/p/Fideos-Tallarin-2-Uni-344e39f41359803faa08cc8d008b5636?pvs=21),2 Uni. Fideos Tallarin,
Milanesas de Cerdo con Fideos Secos,Milanesas de Cerdo (1.5 Kg.) (https://app.notion.com/p/Milanesas-de-Cerdo-1-5-Kg-352e39f4135980d3b017e5c25518e240?pvs=21),1.5 Kg. Bifes de Cerdo,,,Fideos Secos (https://app.notion.com/p/Fideos-Secos-352e39f413598002a606cb717939029a?pvs=21),1 Uni. Nido de Spaghetti | 0.3 Kg. Cebolla Blanca,
Milanesas de Cerdo con Papas al Horno,Milanesas de Cerdo (1.5 Kg.) (https://app.notion.com/p/Milanesas-de-Cerdo-1-5-Kg-352e39f4135980d3b017e5c25518e240?pvs=21),1.5 Kg. Bifes de Cerdo,Papa (1 Kg.) (https://app.notion.com/p/Papa-1-Kg-341e39f4135980829308c5d0bd7cefff?pvs=21),1 Kg. Papa,,,carne-al-horno-1096419.jpeg
Milanesas de Cerdo con Pure de Papa,Milanesas de Cerdo (1.5 Kg.) (https://app.notion.com/p/Milanesas-de-Cerdo-1-5-Kg-352e39f4135980d3b017e5c25518e240?pvs=21),1.5 Kg. Bifes de Cerdo,Pure de Papa (2 Kg.) (https://app.notion.com/p/Pure-de-Papa-2-Kg-341e39f4135980edbc59ce5f4b30e014?pvs=21),2 Kg. Papa,,,milanesas-pure-ig-1-819x1024.webp
Milanesas de Cerdo con Tomate y Lechuga,Milanesas de Cerdo (1.5 Kg.) (https://app.notion.com/p/Milanesas-de-Cerdo-1-5-Kg-352e39f4135980d3b017e5c25518e240?pvs=21),1.5 Kg. Bifes de Cerdo,Tomate (1 Uni.) (https://app.notion.com/p/Tomate-1-Uni-352e39f4135980dbb386da1f3304d4cb?pvs=21),1 Uni. Tomate,,,
Milanesas de Cerdo con Tortilla de Papa y Acelga,Milanesas de Cerdo (1.5 Kg.) (https://app.notion.com/p/Milanesas-de-Cerdo-1-5-Kg-352e39f4135980d3b017e5c25518e240?pvs=21),1.5 Kg. Bifes de Cerdo,"Tortilla de Acelga (https://app.notion.com/p/Tortilla-de-Acelga-352e39f4135980e3bb18cef0aee3fc2c?pvs=21), Tortilla de Papa (https://app.notion.com/p/Tortilla-de-Papa-352e39f4135980adb791ef7bdfa3abc0?pvs=21)",2 Atados Acelga | 4 Uni. Huevo | 0.3 Kg. Cebolla Blanca | 2 Kg. Papa | 4 Uni. Huevo | 0.3 Kg. Cebolla Blanca,,,
Ñoquis con Salsa y Bifes de Carne,Bifes de Carne (750 Gr.) (https://app.notion.com/p/Bifes-de-Carne-750-Gr-353e39f413598084a561ea54a1b8a00b?pvs=21),0.75 Kg. Bife de Nalga,Ñoquis (https://app.notion.com/p/oquis-352e39f4135980b49240fe01d213dd0b?pvs=21),2 Kg. Papa | 0.6 Kg. Harina 0000 | 2 Uni. Huevo,Salsa para Fideos (https://app.notion.com/p/Salsa-para-Fideos-344e39f4135980a98056e5b336efb2e1?pvs=21),2 Uni. Pure de Tomate | 3 Kg. Cebolla Blanca | 1 Uni. Pimiento Rojo,
Ñoquis con Salsa y Molida,Bifes de Carne (1.5 Kg.) (https://app.notion.com/p/Bifes-de-Carne-1-5-Kg-341e39f41359805f836bd7cc79a98947?pvs=21),1.5 Kg. Bife de Nalga,Ñoquis (https://app.notion.com/p/oquis-352e39f4135980b49240fe01d213dd0b?pvs=21),2 Kg. Papa | 0.6 Kg. Harina 0000 | 2 Uni. Huevo,Salsa para Fideos (https://app.notion.com/p/Salsa-para-Fideos-344e39f4135980a98056e5b336efb2e1?pvs=21),2 Uni. Pure de Tomate | 3 Kg. Cebolla Blanca | 1 Uni. Pimiento Rojo,
Pastel de Papa,Carne Molida (1 Kg.) (https://app.notion.com/p/Carne-Molida-1-Kg-352e39f41359802ba2ebd0d823635f71?pvs=21),1 Kg. Molida Especial,"Pure de Papa (3 Kg.) (https://app.notion.com/p/Pure-de-Papa-3-Kg-353e39f4135980509c18f143b7da4733?pvs=21), Cebolla (1 Kg.) (https://app.notion.com/p/Cebolla-1-Kg-352e39f413598017b742eea72d7cf7ce?pvs=21)",3 Kg. Papa | 1 Kg. Cebolla Blanca,"Queso Mantecoso (500 Gr.) (https://app.notion.com/p/Queso-Mantecoso-500-Gr-352e39f4135980719185f68165e28f31?pvs=21), Aceitunas (150 Gr.) (https://app.notion.com/p/Aceitunas-150-Gr-352e39f4135980fda6e6eaa92909c24f?pvs=21), Huevo Cocido (4 Uni.) (https://app.notion.com/p/Huevo-Cocido-4-Uni-353e39f4135980369510dcc6d4b179ae?pvs=21)",0.5 Kg. Queso Mantecoso | 150 Gr. Aceitunas Verdes | 4 Uni. Huevo,
Pizzas Caceras,,,"Berenjenas (2 Uni.) (https://app.notion.com/p/Berenjenas-2-Uni-352e39f4135980548c7bcbc55b9cc41e?pvs=21), Cebolla (1 Kg.) (https://app.notion.com/p/Cebolla-1-Kg-352e39f413598017b742eea72d7cf7ce?pvs=21)",2 Uni. Berenjena | 1 Kg. Cebolla Blanca,"Masa para Pizza (https://app.notion.com/p/Masa-para-Pizza-352e39f4135980f980f8cff19f9b42dd?pvs=21), Paleta (150 Gr.) (https://app.notion.com/p/Paleta-150-Gr-352e39f4135980679244c5452b8c28bd?pvs=21), Mortadela (150 Gr.) (https://app.notion.com/p/Mortadela-150-Gr-352e39f4135980b29906d15b8551f798?pvs=21), Salame (150 Gr.) (https://app.notion.com/p/Salame-150-Gr-352e39f413598035b8c2fc7897d67238?pvs=21), Huevos Cocidos (6 Uni.) (https://app.notion.com/p/Huevos-Cocidos-6-Uni-352e39f41359802aae46c35107a71d64?pvs=21), Queso Mantecoso (500 Gr.) (https://app.notion.com/p/Queso-Mantecoso-500-Gr-352e39f4135980719185f68165e28f31?pvs=21), Queso Azul (350 Gr.) (https://app.notion.com/p/Queso-Azul-350-Gr-352e39f41359800eaf29d6f582323a5a?pvs=21)",2 Kg. Harina 0000 | 2 Uni. Levadura Seca (10Gr.) | 0.1 Lts. Aceite de Girasol | 150 Gr. Paleta | 150 Gr. Mortadela | 150 Gr. Salame | 6 Uni. Huevo | 0.5 Kg. Queso Mantecoso | 0.35 Gr. Queso Azul,
Pollo al Horno Adobado con Papas al Horno,"Pollo (1 Uni.) (https://app.notion.com/p/Pollo-1-Uni-344e39f41359807fa9aaf4880187ed45?pvs=21), Pechuga de Pollo (2 Uni.) (https://app.notion.com/p/Pechuga-de-Pollo-2-Uni-344e39f41359806896aac84ddcc34369?pvs=21)",1 Uni. Pollo Entero | 2 Uni. Pechuga de Pollo,Papa (1 Kg.) (https://app.notion.com/p/Papa-1-Kg-341e39f4135980829308c5d0bd7cefff?pvs=21),1 Kg. Papa,"Salsa de Soja (1 Uni.) (https://app.notion.com/p/Salsa-de-Soja-1-Uni-352e39f413598017ab65e07876faa018?pvs=21), Ketchup (1 Uni.) (https://app.notion.com/p/Ketchup-1-Uni-352e39f41359809982bde43ff71dcf5f?pvs=21), Mostaza (1 Uni.) (https://app.notion.com/p/Mostaza-1-Uni-352e39f4135980589cf3e58a4b31b197?pvs=21), Tomillo (20 Gr.) (https://app.notion.com/p/Tomillo-20-Gr-352e39f41359805e869de2d857385291?pvs=21), Pimienton en Polvo (20 Gr.) (https://app.notion.com/p/Pimienton-en-Polvo-20-Gr-352e39f4135980908c91d97eca71ae36?pvs=21)",1 Uni. Salsa de Soja | 1 Uni. Ketchup Chica | 1 Uni. Mostaza Chica | 20 Gr. Tomillo | 20 Gr. Pimienton Rojo (Dulce),
Pollo al Horno con Arroz Blanco,"Pechuga de Pollo (2 Uni.) (https://app.notion.com/p/Pechuga-de-Pollo-2-Uni-344e39f41359806896aac84ddcc34369?pvs=21), Pollo (1 Uni.) (https://app.notion.com/p/Pollo-1-Uni-344e39f41359807fa9aaf4880187ed45?pvs=21)",2 Uni. Pechuga de Pollo | 1 Uni. Pollo Entero,,,Arroz Blanco (https://app.notion.com/p/Arroz-Blanco-344e39f413598006bcc0ce9cfa1d7a22?pvs=21),1 Kg. Arroz | 0.3 Kg. Cebolla Blanca,
Pollo al Horno con Ensalada de Papa,"Pollo (1 Uni.) (https://app.notion.com/p/Pollo-1-Uni-344e39f41359807fa9aaf4880187ed45?pvs=21), Pechuga de Pollo (2 Uni.) (https://app.notion.com/p/Pechuga-de-Pollo-2-Uni-344e39f41359806896aac84ddcc34369?pvs=21)",1 Uni. Pollo Entero | 2 Uni. Pechuga de Pollo,Ensalada de Papa (https://app.notion.com/p/Ensalada-de-Papa-352e39f41359801aa6aed3898abb7f45?pvs=21),1.5 Kg. Papa,,,
Pollo al Horno con Ensalada de Papa y Zanahoria,"Pechuga de Pollo (2 Uni.) (https://app.notion.com/p/Pechuga-de-Pollo-2-Uni-344e39f41359806896aac84ddcc34369?pvs=21), Pollo (1 Uni.) (https://app.notion.com/p/Pollo-1-Uni-344e39f41359807fa9aaf4880187ed45?pvs=21)",2 Uni. Pechuga de Pollo | 1 Uni. Pollo Entero,"Ensalada de Papa (https://app.notion.com/p/Ensalada-de-Papa-352e39f41359801aa6aed3898abb7f45?pvs=21), Ensalada de Zanahoria (https://app.notion.com/p/Ensalada-de-Zanahoria-352e39f4135980b5988dc1864321ad8f?pvs=21)",1.5 Kg. Papa | 1 Kg. Zanahoria,,,
Pollo al Horno con Papa,"Pollo (1 Uni.) (https://app.notion.com/p/Pollo-1-Uni-344e39f41359807fa9aaf4880187ed45?pvs=21), Pechuga de Pollo (2 Uni.) (https://app.notion.com/p/Pechuga-de-Pollo-2-Uni-344e39f41359806896aac84ddcc34369?pvs=21)",1 Uni. Pollo Entero | 2 Uni. Pechuga de Pollo,Papa (1 Kg.) (https://app.notion.com/p/Papa-1-Kg-341e39f4135980829308c5d0bd7cefff?pvs=21),1 Kg. Papa,,,
Pollo al Horno con Papa Revosada,"Pollo (1 Uni.) (https://app.notion.com/p/Pollo-1-Uni-344e39f41359807fa9aaf4880187ed45?pvs=21), Pechuga de Pollo (2 Uni.) (https://app.notion.com/p/Pechuga-de-Pollo-2-Uni-344e39f41359806896aac84ddcc34369?pvs=21)",1 Uni. Pollo Entero | 2 Uni. Pechuga de Pollo,Papa (1 Kg.) (https://app.notion.com/p/Papa-1-Kg-341e39f4135980829308c5d0bd7cefff?pvs=21),1 Kg. Papa,,,
Pollo al Horno con Papa y Zanahoria,"Pechuga de Pollo (2 Uni.) (https://app.notion.com/p/Pechuga-de-Pollo-2-Uni-344e39f41359806896aac84ddcc34369?pvs=21), Pollo (1 Uni.) (https://app.notion.com/p/Pollo-1-Uni-344e39f41359807fa9aaf4880187ed45?pvs=21)",2 Uni. Pechuga de Pollo | 1 Uni. Pollo Entero,"Papa (1 Kg.) (https://app.notion.com/p/Papa-1-Kg-341e39f4135980829308c5d0bd7cefff?pvs=21), Zanahoria (750 Gr.) (https://app.notion.com/p/Zanahoria-750-Gr-341e39f41359808ca9c2e78448369a8e?pvs=21)",1 Kg. Papa | 0.75 Kg. Zanahoria,,,
Pollo al Horno con Pure de Papa,"Pollo (1 Uni.) (https://app.notion.com/p/Pollo-1-Uni-344e39f41359807fa9aaf4880187ed45?pvs=21), Pechuga de Pollo (2 Uni.) (https://app.notion.com/p/Pechuga-de-Pollo-2-Uni-344e39f41359806896aac84ddcc34369?pvs=21)",1 Uni. Pollo Entero | 2 Uni. Pechuga de Pollo,Pure de Papa (2 Kg.) (https://app.notion.com/p/Pure-de-Papa-2-Kg-341e39f4135980edbc59ce5f4b30e014?pvs=21),2 Kg. Papa,,,
Pollo al Horno con Verduras,"Pollo (1 Uni.) (https://app.notion.com/p/Pollo-1-Uni-344e39f41359807fa9aaf4880187ed45?pvs=21), Pechuga de Pollo (2 Uni.) (https://app.notion.com/p/Pechuga-de-Pollo-2-Uni-344e39f41359806896aac84ddcc34369?pvs=21)",1 Uni. Pollo Entero | 2 Uni. Pechuga de Pollo,"Cebolla (1 Kg.) (https://app.notion.com/p/Cebolla-1-Kg-352e39f413598017b742eea72d7cf7ce?pvs=21), Papa (1 Kg.) (https://app.notion.com/p/Papa-1-Kg-341e39f4135980829308c5d0bd7cefff?pvs=21), Zanahoria (750 Gr.) (https://app.notion.com/p/Zanahoria-750-Gr-341e39f41359808ca9c2e78448369a8e?pvs=21), Pimiento Verde (3 Uni.) (https://app.notion.com/p/Pimiento-Verde-3-Uni-341e39f41359807f9eaad3f8a7e301e1?pvs=21), Pimiento Rojo (3 Uni) (https://app.notion.com/p/Pimiento-Rojo-3-Uni-341e39f41359806bacf4fbf6b17a4d3d?pvs=21)",1 Kg. Cebolla Blanca | 1 Kg. Papa | 0.75 Kg. Zanahoria | 3 Uni. Pimiento Verde | 3 Uni. Pimiento Rojo,,,
Pollo con Pure y Salsa de Tomate,"Pechuga de Pollo (2 Uni.) (https://app.notion.com/p/Pechuga-de-Pollo-2-Uni-344e39f41359806896aac84ddcc34369?pvs=21), Pollo (1 Uni.) (https://app.notion.com/p/Pollo-1-Uni-344e39f41359807fa9aaf4880187ed45?pvs=21)",2 Uni. Pechuga de Pollo | 1 Uni. Pollo Entero,Pure de Papa (2 Kg.) (https://app.notion.com/p/Pure-de-Papa-2-Kg-341e39f4135980edbc59ce5f4b30e014?pvs=21),2 Kg. Papa,Salsa para Fideos (https://app.notion.com/p/Salsa-para-Fideos-344e39f4135980a98056e5b336efb2e1?pvs=21),2 Uni. Pure de Tomate | 3 Kg. Cebolla Blanca | 1 Uni. Pimiento Rojo,
Pollo Entero con Arroz Amarillo,"Pollo (1 Uni.) (https://app.notion.com/p/Pollo-1-Uni-344e39f41359807fa9aaf4880187ed45?pvs=21), Pechuga de Pollo (2 Uni.) (https://app.notion.com/p/Pechuga-de-Pollo-2-Uni-344e39f41359806896aac84ddcc34369?pvs=21)",1 Uni. Pollo Entero | 2 Uni. Pechuga de Pollo,"Pimiento Rojo (1 Uni.) (https://app.notion.com/p/Pimiento-Rojo-1-Uni-344e39f41359805b91f1e776ad5298d7?pvs=21), Pimiento Verde  (1 Uni.) (https://app.notion.com/p/Pimiento-Verde-1-Uni-344e39f41359807cb16dfc5bb843e45f?pvs=21)",1 Uni. Pimiento Rojo | 1 Uni. Pimiento Verde,Arroz Amarillo (https://app.notion.com/p/Arroz-Amarillo-352e39f413598039b505d9e372f38359?pvs=21),1 Kg. Arroz | 0.3 Kg. Cebolla Blanca,arroz-con-pollo-a-la-cubana-receta-1.jpg
Puchero,Carne (1.5 Kg.) - Colita de Cuadril (https://app.notion.com/p/Carne-1-5-Kg-Colita-de-Cuadril-352e39f4135980e0adb2f304a6aea321?pvs=21),1.5 Kg. Colita de Cuadril,"Zapallo (1/4) (https://app.notion.com/p/Zapallo-1-4-352e39f4135980f09e51f0283dd3ab86?pvs=21), Alcaucil (2 Uni.) (https://app.notion.com/p/Alcaucil-2-Uni-352e39f4135980328db8eb3a1c2353a8?pvs=21), Choclo (2 Uni.) (https://app.notion.com/p/Choclo-2-Uni-352e39f4135980e6bcaeebf6bce6223f?pvs=21), Zanahoria (500 Gr.) (https://app.notion.com/p/Zanahoria-500-Gr-353e39f4135980678373e855d36eca2a?pvs=21)",1 Cuarto Zapallo | 2 Uni. Alcaucil | 2 Uni. Choclo | 0.5 Kg. Zanahoria,Fideos Cabello de Angel (1 Uni.) (https://app.notion.com/p/Fideos-Cabello-de-Angel-1-Uni-352e39f413598086b319f0270610f7a9?pvs=21),1 Uni. Fideos Cabello de Angel,
